fk_periodo;fk_pais;fk_indicador;valor
1;1;1;2894921778
2;1;1;3159905484
3;1;1;3456442103
4;1;1;3952600602
5;1;1;4085630584
6;1;1;3674409558
7;1;1;3449966857
8;1;1;3629203786
9;1;1;3188808943
10;1;1;3193704343
11;1;1;3271808157
12;1;1;2789870188
13;1;1;2896679212
14;1;1;3000180750
15;1;1;3218316013
16;1;1;3154057987
1;2;1;147824370320
2;2;1;180617467965
3;2;1;222116541865
4;2;1;257916133424
5;2;1;315474615739
6;2;1;253547358747
7;2;1;289787338325
8;2;1;350666031314
9;2;1;374590605854
10;2;1;390107556161
11;2;1;403137100068
12;2;1;358135057862
13;2;1;357045064670
14;2;1;385605506855
15;2;1;422215043585
16;2;1;421142267938
1;3;1;5226778809
2;3;1;6209137625
3;3;1;6971285595
4;3;1;9747879532
5;3;1;10109225814
6;3;1;12439087077
7;3;1;15856574731
8;3;1;17804292964
9;3;1;20001598506
10;3;1;20561069558
11;3;1;20484885120
12;3;1;19907111419
13;3;1;19362642267
14;3;1;20191760000
15;3;1;19484384937
16;3;1;19101353833
1;4;1;919577148
2;4;1;1022191296
3;4;1;1157005444
4;4;1;1311401333
5;4;1;1368431037
6;4;1;1224253000
7;4;1;1148700000
8;4;1;1137637037
9;4;1;1199948148
10;4;1;1181448148
11;4;1;1249733333
12;4;1;1336692593
13;4;1;1436585185
14;4;1;1467977778
15;4;1;1610574074
16;4;1;1727759259
1;5;1;7184681399
2;5;1;8052075642
3;5;1;8896073938
4;5;1;10677321490
5;5;1;12881354104
6;5;1;12044223353
7;5;1;11926928506
8;5;1;12890765324
9;5;1;12319830252
10;5;1;12776217195
11;5;1;13228144008
12;5;1;11386846319
13;5;1;11861200797
14;5;1;13019693451
15;5;1;15147020535
16;5;1;15278077447
1;6;1;3576615240
2;6;1;4900469950
3;6;1;6384451606
4;6;1;9206301700
5;6;1;11662040714
6;6;1;8647936748
7;6;1;9260284938
8;6;1;10142111334
9;6;1;10619320049
10;6;1;11121465767
11;6;1;11609512940
12;6;1;10553337673
13;6;1;10546135160
14;6;1;11527458566
15;6;1;12457941907
16;6;1;13672802158
1;7;1;23552052408
2;7;1;36970918699
3;7;1;52381006892
4;7;1;65266452081
5;7;1;88538611205
6;7;1;70307163678
7;7;1;83799496611
8;7;1;111789686464
9;7;1;128052853643
10;7;1;136709862831
11;7;1;145712200313
12;7;1;116193649124
13;7;1;101123851090
14;7;1;122123822334
15;7;1;101353230785
16;7;1;94635415870
1;8;1;164657930453
2;8;1;198737095012
3;8;1;232557260817
4;8;1;287530508431
5;8;1;361558037110
6;8;1;332976484578
7;8;1;423627422092
8;8;1;530163281575
9;8;1;545982375701
10;8;1;552025140252
11;8;1;526319673732
12;8;1;594749285413
13;8;1;557531376218
14;8;1;642695864756
15;8;1;519871519808
16;8;1;449663446954
1;9;1;300904221505
2;9;1;315974418605
3;9;1;335998557270
4;9;1;388691445387
5;9;1;430294287388
6;9;1;400172297861
7;9;1;391892746545
8;9;1;431120310089
9;9;1;409425234155
10;9;1;430068712972
11;9;1;441996131737
12;9;1;381817565894
13;9;1;395227684139
14;9;1;418316161096
15;9;1;455508255028
16;9;1;446314739528
1;10;1;612490396927
2;10;1;693407758232
3;10;1;746054207847
4;10;1;853099630996
5;10;1;1053995523724
6;10;1;927805183331
7;10;1;1146138465604
8;10;1;1396649906339
9;10;1;1546151783873
10;10;1;1576184467015
11;10;1;1467483705132
12;10;1;1351693984525
13;10;1;1208846993740
14;10;1;1330135756844
15;10;1;1433904348500
16;10;1;1392680589329
1;11;1;8680370408
2;11;1;13245716099
3;11;1;20982986344
4;11;1;33050343783
5;11;1;48852482960
6;11;1;44291490421
7;11;1;52902703376
8;11;1;65951627200
9;11;1;69683935845
10;11;1;74164435946
11;11;1;75244294275
12;11;1;53074370486
13;11;1;37867518957
14;11;1;40865558912
15;11;1;47112941176
16;11;1;48047647059
1;12;1;10596205714
2;12;1;11222953519
3;12;1;12864610994
4;12;1;15778767670
5;12;1;19112739664
6;12;1;17613836210
7;12;1;17176781337
8;12;1;18644723861
9;12;1;17226849297
10;12;1;18178503835
11;12;1;18558343508
12;12;1;16211541253
13;12;1;16913330694
14;12;1;18080118128
15;12;1;20183498491
16;12;1;20047848435
1;13;1;669316654017
2;13;1;891630177251
3;13;1;1107640289615
4;13;1;1397084349956
5;13;1;1695824565983
6;13;1;1667019783585
7;13;1;2208871646203
8;13;1;2616200980392
9;13;1;2465188674415
10;13;1;2472806919902
11;13;1;2455993625159
12;13;1;1802214373741
13;13;1;1795700168991
14;13;1;2062831045936
15;13;1;1885482534238
16;13;1;1839758040766
1;14;1;65108544250
2;14;1;69442943089
3;14;1;71819083684
4;14;1;79611888213
5;14;1;91631278239
6;14;1;102477791472
7;14;1;115279077465
8;14;1;128637938711
9;14;1;133355749482
10;14;1;149990451022
11;14;1;172885454931
12;14;1;195078678697
13;14;1;221415162446
14;14;1;249711052937
15;14;1;274039092455
16;14;1;302571254131
1;15;1;368537000248
2;15;1;385570948887
3;15;1;407918078033
4;15;1;470324254038
5;15;1;515223524242
6;15;1;481345929425
7;15;1;480951629493
8;15;1;522645519184
9;15;1;496181260258
10;15;1;521642714408
11;15;1;534678075827
12;15;1;462149679344
13;15;1;475900865684
14;15;1;503788776543
15;15;1;542685915417
16;15;1;529606710418
1;16;1;5441918269
2;16;1;6143909201
3;16;1;6541603851
4;16;1;7615651314
5;16;1;9413335567
6;16;1;9412813382
7;16;1;10109618964
8;16;1;12080296644
9;16;1;12561016091
10;16;1;13444301139
11;16;1;13943016924
12;16;1;11832159276
13;16;1;12822558022
14;16;1;14169905602
15;16;1;16199434625
16;16;1;15745810235
1;17;1;26157894737
2;17;1;29869283400
3;17;1;34379808889
4;17;1;44405101470
5;17;1;54438966420
6;17;1;51999181062
7;17;1;50363282117
8;17;1;57363610380
9;17;1;54013812089
10;17;1;55591336862
11;17;1;56883172568
12;17;1;50630703922
13;17;1;53785050339
14;17;1;58950125036
15;17;1;66200847918
16;17;1;67927179737
1;18;1;13150159574
2;18;1;15968723404
3;18;1;18504760638
4;18;1;21730000000
5;18;1;25710904255
6;18;1;22938218085
7;18;1;25713271277
8;18;1;28776595745
9;18;1;30749308511
10;18;1;32539468085
11;18;1;33387712766
12;18;1;31125851064
13;18;1;32250132979
14;18;1;35423643617
15;18;1;37652500000
16;18;1;38574069149
1;19;1;915257323
2;19;1;1117113046
3;19;1;1273375020
4;19;1;1356199365
5;19;1;1611835902
6;19;1;1781455092
7;19;1;2032135247
8;19;1;2235820868
9;19;1;2333308099
10;19;1;2451625333
11;19;1;2705783272
12;19;1;3104394858
13;19;1;2959640987
14;19;1;3172292379
15;19;1;3036931818
16;19;1;3012334882
1;20;1;6179176459
2;20;1;6565043460
3;20;1;7027863025
4;20;1;8158257572
5;20;1;9748276762
6;20;1;9699586794
7;20;1;9535344283
8;20;1;10693321954
9;20;1;11141358945
10;20;1;12517845732
11;20;1;13284528654
12;20;1;11388160958
13;20;1;11821066153
14;20;1;12701656931
15;20;1;14250985959
16;20;1;14390709095
1;21;1;4484703000
2;21;1;4868136000
3;21;1;5414299000
4;21;1;5895048000
5;21;1;6109928000
6;21;1;5806378000
7;21;1;5744414000
8;21;1;5550771000
9;21;1;5537537000
10;21;1;5573710000
11;21;1;0
12;21;1;0
13;21;1;0
14;21;1;0
15;21;1;0
16;21;1;0
1;22;1;7872333215
2;22;1;9531402848
3;22;1;11470703002
4;22;1;12247694247
5;22;1;14393099069
6;22;1;10732366286
7;22;1;13707370737
8;22;1;18525319978
9;22;1;19047940300
10;22;1;18093829923
11;22;1;17098342541
12;22;1;12930394938
13;22;1;11400854268
14;22;1;12128104859
15;22;1;13567351175
16;22;1;13469422941
1;23;1;8773451739
2;23;1;9549077869
3;23;1;11451869165
4;23;1;13120183157
5;23;1;16674324634
6;23;1;17339992165
7;23;1;19649631451
8;23;1;23963033588
9;23;1;27084497540
10;23;1;30659338784
11;23;1;32996188133
12;23;1;33000198263
13;23;1;33941126194
14;23;1;37508642113
15;23;1;40287647902
16;23;1;40895322865
1;24;1;669316654017
2;24;1;891630177251
3;24;1;1107640289615
4;24;1;1397084349956
5;24;1;1695824565983
6;24;1;1667019783585
7;24;1;2208871646203
8;24;1;2616200980392
9;24;1;2465188674415
10;24;1;2472806919902
11;24;1;2455993625159
12;24;1;1802214373741
13;24;1;1795700168991
14;24;1;2062831045936
15;24;1;1885482534238
16;24;1;1839758040766
1;25;1;9055290000
2;25;1;9836200000
3;25;1;10167250000
4;25;1;10618340000
5;25;1;10526000000
6;25;1;9981960000
7;25;1;10095760000
8;25;1;10070450000
9;25;1;10720500000
10;25;1;10562700000
11;25;1;10913300000
12;25;1;11752300000
13;25;1;11938400000
14;25;1;12150400000
15;25;1;12424500000
16;25;1;12827000000
1;26;1;8957467707
2;26;1;9931134941
3;26;1;10126940513
4;26;1;10939053365
5;26;1;10945070442
6;26;1;10267133178
7;26;1;12786654366
8;26;1;15351972230
9;26;1;14420393564
10;26;1;14901750765
11;26;1;16250750259
12;26;1;14420604206
13;26;1;15646316818
14;26;1;17405538618
15;26;1;18663264706
16;26;1;18340510789
1;27;1;23144351852
2;27;1;30207567317
3;27;1;36954312354
4;27;1;45277399814
5;27;1;60763483146
6;27;1;50874078052
7;27;1;57222490769
8;27;1;61757788945
9;27;1;65685102555
10;27;1;75527984234
11;27;1;78813839984
12;27;1;56454734397
13;27;1;47722657821
14;27;1;54726595249
15;27;1;60031262269
16;27;1;63080457023
1;28;1;1051350000
2;28;1;1102050000
3;28;1;1210150000
4;28;1;1271600000
5;28;1;1351350000
6;28;1;1317300000
7;28;1;1377200000
8;28;1;1460800000
9;28;1;1522900000
10;28;1;1579400000
11;28;1;1662800000
12;28;1;1723800000
13;28;1;1775100000
14;28;1;1836600000
15;28;1;1871200000
16;28;1;1879613600
1;29;1;1023196771714
2;29;1;1169357979865
3;29;1;1315415197461
4;29;1;1464977190206
5;29;1;1549131208997
6;29;1;1371153004986
7;29;1;1613464422811
8;29;1;1788647906048
9;29;1;1828689329349
10;29;1;1847208522155
11;29;1;1803533209845
12;29;1;1556129524418
13;29;1;1528243213982
14;29;1;1649878054227
15;29;1;1716262621082
16;29;1;1736425629520
1;30;1;10297483481
2;30;1;11964484668
3;30;1;14451902468
4;30;1;16737071816
5;30;1;19788515874
6;30;1;18648373312
7;30;1;21565720044
8;30;1;25839749199
9;30;1;29306235826
10;30;1;32679745298
11;30;1;35909040266
12;30;1;37917704900
13;30;1;37134799975
14;30;1;38019265626
15;30;1;46831342213
16;30;1;47319624204
1;31;1;1270080251
2;31;1;1337362392
3;31;1;1460561215
4;31;1;1697565949
5;31;1;1985240986
6;31;1;2059094048
7;31;1;2142591376
8;31;1;2437982840
9;31;1;2510126699
10;31;1;1691544192
11;31;1;1894813505
12;31;1;1695825708
13;31;1;1825018191
14;31;1;2072350151
15;31;1;2220978978
16;31;1;2220307369
1;32;1;4648628921
2;32;1;6087003176
3;32;1;7731261311
4;32;1;8394688284
5;32;1;11859013281
6;32;1;9593537551
7;32;1;12019594809
8;32;1;14444509756
9;32;1;13677147848
10;32;1;14089855509
11;32;1;14196322768
12;32;1;8556594871
13;32;1;9041986778
14;32;1;9035182062
15;32;1;11662700148
16;32;1;10820591131
1;33;1;394163688621
2;33;1;408689353999
3;33;1;430921192375
4;33;1;479913034322
5;33;1;554363487120
6;33;1;541506500414
7;33;1;583782977866
8;33;1;699579638638
9;33;1;668043614123
10;33;1;688504173431
11;33;1;709182559935
12;33;1;679832291693
13;33;1;671309197377
14;33;1;679950482029
15;33;1;705140620047
16;33;1;703082435360
1;34;1;16554441847
2;34;1;17084928927
3;34;1;17800887796
4;34;1;20343635320
5;34;1;24224903100
6;34;1;24277493862
7;34;1;24908781285
8;34;1;25414875503
9;34;1;26789047555
10;34;1;31273074528
11;34;1;35363533866
12;34;1;45814637971
13;34;1;47964234560
14;34;1;51588158718
15;34;1;57724731365
16;34;1;58792205642
1;35;1;99210392858
2;35;1;122964812046
3;35;1;154788024806
4;35;1;173605968179
5;35;1;179638496279
6;35;1;172389498445
7;35;1;218537551220
8;35;1;252251992029
9;35;1;267122320057
10;35;1;278384345259
11;35;1;260541629961
12;35;1;243919085309
13;35;1;250440136356
14;35;1;277044950259
15;35;1;298258019275
16;35;1;282318159745
1;36;1;17430933517
2;36;1;17944084201
3;36;1;19356046328
4;36;1;22365265026
5;36;1;26409781215
6;36;1;26017925552
7;36;1;26169323293
8;36;1;29375448542
9;36;1;29102772799
10;36;1;32357345501
11;36;1;34989493826
12;36;1;30928653814
13;36;1;32643697596
14;36;1;35009262788
15;36;1;38694095651
16;36;1;38760467033
1;37;1;1955347004963
2;37;1;2285965892361
3;37;1;2752131773355
4;37;1;3550342425238
5;37;1;4594306848763
6;37;1;5101702432883
7;37;1;6087164527421
8;37;1;7551500425598
9;37;1;8532230724142
10;37;1;9570405758740
11;37;1;10475682846632
12;37;1;11061552790044
13;37;1;11233277146512
14;37;1;12310408652424
15;37;1;13894817110036
16;37;1;14342902842916
1;38;1;117081522238
2;38;1;145619193046
3;38;1;161618580753
4;38;1;206181823188
5;38;1;242186949773
6;38;1;232397835356
7;38;1;286563099757
8;38;1;334943877377
9;38;1;370921317943
10;38;1;382116120909
11;38;1;381112110485
12;38;1;293481753079
13;38;1;282825012368
14;38;1;311883730442
15;38;1;333568926393
16;38;1;323802808108
1;39;1;18528955525
2;39;1;19948261084
3;39;1;22602721765
4;39;1;26743972564
5;39;1;30612927059
6;39;1;30562361123
7;39;1;37268614024
8;39;1;42262697840
9;39;1;46473128286
10;39;1;49745088112
11;39;1;50577769838
12;39;1;54775994479
13;39;1;57157992434
14;39;1;58481858043
15;39;1;60553901420
16;39;1;61773944174
1;40;1;38203000000
2;40;1;42643836100
3;40;1;52742800000
4;40;1;58603900000
5;40;1;60806300000
6;40;1;62080000000
7;40;1;64328000000
8;40;1;68990000000
9;40;1;73141000000
10;40;1;77148000000
11;40;1;80656000000
12;40;1;87133000000
13;40;1;91370000000
14;40;1;96851000000
15;40;1;100023000000
16;40;1;0
1;41;1;924318491
2;41;1;971977088
3;41;1;1107891063
4;41;1;1513933983
5;41;1;1789333749
6;41;1;1711817182
7;41;1;1664310770
8;41;1;1865915544
9;41;1;1741809809
10;41;1;1850470042
11;41;1;1859898513
12;41;1;1596800287
13;41;1;1662998678
14;41;1;1769787215
15;41;1;1966983316
16;41;1;1981845741
1;42;1;17320552500
2;42;1;18433411267
3;42;1;20072786351
4;42;1;23968764030
5;42;1;27844698989
6;42;1;25945391775
7;42;1;25732432719
8;42;1;27565469098
9;42;1;24978513427
10;42;1;23900872626
11;42;1;23128114787
12;42;1;19779150116
13;42;1;20890936462
14;42;1;22638608224
15;42;1;24961995749
16;42;1;24564647935
1;43;1;119162172468
2;43;1;136280689891
3;43;1;155463807113
4;43;1;189227050760
5;43;1;235718586901
6;43;1;206179982164
7;43;1;207477857919
8;43;1;227948349666
9;43;1;207376427021
10;43;1;209402444996
11;43;1;207818330724
12;43;1;186829940546
13;43;1;195090272403
14;43;1;215913545038
15;43;1;244987409831
16;43;1;246489245495
1;44;1;2809187981127
2;44;1;2845802760851
3;44;1;2992196713085
4;44;1;3421229126745
5;44;1;3730027830672
6;44;1;3397791053070
7;44;1;3396354075664
8;44;1;3744408602684
9;44;1;3527344944140
10;44;1;3732743446219
11;44;1;3883920155292
12;44;1;3360549973889
13;44;1;3466790065012
14;44;1;3665804120835
15;44;1;3949548833953
16;44;1;3845630030824
1;45;1;666072102
2;45;1;708633195
3;45;1;768873684
4;45;1;847918929
5;45;1;999105339
6;45;1;1049110685
7;45;1;1128611700
8;45;1;1239144502
9;45;1;1353632942
10;45;1;2042817163
11;45;1;2214681574
12;45;1;2430287967
13;45;1;2603554907
14;45;1;2751461056
15;45;1;3012820410
16;45;1;3318716359
1;46;1;251373002954
2;46;1;264467336457
3;46;1;282884947703
4;46;1;319423424509
5;46;1;353361038818
6;46;1;321241303699
7;46;1;321995279402
8;46;1;344003137611
9;46;1;327148943812
10;46;1;343584391648
11;46;1;352993631618
12;46;1;302673068766
13;46;1;313115929314
14;46;1;329417067128
15;46;1;355675329086
16;46;1;348078018464
1;47;1;367199111
2;47;1;364255074
3;47;1;390250148
4;47;1;421375852
5;47;1;458190185
6;47;1;489074333
7;47;1;493825926
8;47;1;501025926
9;47;1;485996296
10;47;1;498296296
11;47;1;520207407
12;47;1;540737037
13;47;1;576229630
14;47;1;519837037
15;47;1;550892593
16;47;1;596033333
1;48;1;22692574473
2;48;1;36119047252
3;48;1;38116351526
4;48;1;43965420072
5;48;1;48122547177
6;48;1;48261033298
7;48;1;53860175556
8;48;1;58029750746
9;48;1;60681537196
10;48;1;62682163837
11;48;1;67179914027
12;48;1;71164825257
13;48;1;75704720190
14;48;1;79997975622
15;48;1;85555378043
16;48;1;88941298258
1;49;1;85324767230
2;49;1;103198442061
3;49;1;117025435464
4;49;1;134977284666
5;49;1;171000637941
6;49;1;137210691642
7;49;1;161207754147
8;49;1;200019468616
9;49;1;209060307470
10;49;1;209754763861
11;49;1;213808808747
12;49;1;165979418302
13;49;1;160033844071
14;49;1;167389364981
15;49;1;173757952824
16;49;1;169988236398
1;50;1;36591661000
2;50;1;41507085000
3;50;1;46802044000
4;50;1;51007777000
5;50;1;61762635000
6;50;1;62519686000
7;50;1;69555367000
8;50;1;79276664000
9;50;1;87924544000
10;50;1;95129659000
11;50;1;101726331000
12;50;1;99290381000
13;50;1;99937696000
14;50;1;104295862000
15;50;1;107562008000
16;50;1;107435665000
1;51;1;12144397516
2;51;1;14098326328
3;51;1;17012321791
4;51;1;22445582946
5;51;1;24371299985
6;51;1;19744110447
7;51;1;19693608687
8;51;1;23391529311
9;51;1;23192709239
10;51;1;25271407239
11;51;1;26773472962
12;51;1;23048864243
13;51;1;23996451498
14;51;1;26859101054
15;51;1;30747159198
16;51;1;31386949981
1;52;1;78845185293
2;52;1;89685725230
3;52;1;107484034871
4;52;1;130478960092
5;52;1;162818181818
6;52;1;188982374701
7;52;1;218888324505
8;52;1;236001858960
9;52;1;279372758362
10;52;1;288586231502
11;52;1;305529656458
12;52;1;332698041031
13;52;1;332927833278
14;52;1;235369129338
15;52;1;250894760351
16;52;1;303175127598
1;53;1;1109054005
2;53;1;1098425901
3;53;1;1211161880
4;53;1;1317974491
5;53;1;1380188800
6;53;1;1856695551
7;53;1;1589515447
8;53;1;2065001626
9;53;1;0
10;53;1;0
11;53;1;0
12;53;1;0
13;53;1;0
14;53;1;0
15;53;1;0
16;53;1;0
1;54;1;1067093369754
2;54;1;1153285660987
3;54;1;1259343871534
4;54;1;1472131125103
5;54;1;1625224842537
6;54;1;1485583495415
7;54;1;1420722034063
8;54;1;1478772824224
9;54;1;1324820091195
10;54;1;1354757433213
11;54;1;1369398844600
12;54;1;1195119269972
13;54;1;1232076017362
14;54;1;1312551705955
15;54;1;1419735245005
16;54;1;1394116310769
1;55;1;10131187261
2;55;1;12401139454
3;55;1;15280861835
4;55;1;19707616773
5;55;1;27066912635
6;55;1;32437389116
7;55;1;29933790334
8;55;1;31952763089
9;55;1;43310721414
10;55;1;47648211133
11;55;1;55612228234
12;55;1;64589334979
13;55;1;74296618481
14;55;1;81770791971
15;55;1;84269348327
16;55;1;96107662398
1;56;1;197116960517
2;56;1;204809103345
3;56;1;216907539832
4;56;1;256052559540
5;56;1;284553976857
6;56;1;252496526813
7;56;1;249181190476
8;56;1;275243697751
9;56;1;258304834622
10;56;1;271285280621
11;56;1;274497230803
12;56;1;234440080998
13;56;1;240607907010
14;56;1;255122545771
15;56;1;275893681356
16;56;1;268761201365
1;57;1;2727507213
2;57;1;3006725015
3;57;1;3102741451
4;57;1;3405050612
5;57;1;3523185920
6;57;1;2870624636
7;57;1;3140508836
8;57;1;3774530616
9;57;1;3972012571
10;57;1;4190143206
11;57;1;4856963230
12;57;1;4682546863
13;57;1;4930204230
14;57;1;5353404422
15;57;1;5536759653
16;57;1;5535548972
1;58;1;240236000
2;58;1;250281900
3;58;1;253541900
4;58;1;256787200
5;58;1;263145100
6;58;1;280284600
7;58;1;296944100
8;58;1;311301600
9;58;1;327248700
10;58;1;317214400
11;58;1;319271200
12;58;1;316489900
13;58;1;332265200
14;58;1;366666800
15;58;1;401932300
16;58;1;0
1;59;1;2115742488205
2;59;1;2196126103718
3;59;1;2318593651988
4;59;1;2657213249384
5;59;1;2918382891460
6;59;1;2690222283968
7;59;1;2642609548930
8;59;1;2861408170265
9;59;1;2683825225093
10;59;1;2811077725704
11;59;1;2852165760630
12;59;1;2438207896252
13;59;1;2471285607082
14;59;1;2595151045198
15;59;1;2787863958885
16;59;1;2715518274227
1;60;1;7756293575
2;60;1;9578973591
3;60;1;10318424464
4;60;1;12438956756
5;60;1;15508574820
6;60;1;12065138273
7;60;1;14372591916
8;60;1;18210308748
9;60;1;17170465294
10;60;1;17595745653
11;60;1;18203968002
12;60;1;14383107714
13;60;1;14023890620
14;60;1;14929488771
15;60;1;16862282414
16;60;1;16657960228
1;61;1;2416931526913
2;61;1;2538680000000
3;61;1;2713749770009
4;61;1;3100882352941
5;61;1;2922667279412
6;61;1;2410909799034
7;61;1;2475244321361
8;61;1;2659310054646
9;61;1;2704887678387
10;61;1;2786022872707
11;61;1;3063803240208
12;61;1;2928591002003
13;61;1;2694283209613
14;61;1;2666229179958
15;61;1;2860667727552
16;61;1;2827113184696
1;62;1;599118593
2;62;1;695370296
3;62;1;698700667
4;62;1;758683593
5;62;1;825976037
6;62;1;771275556
7;62;1;771013259
8;62;1;778655926
9;62;1;799882259
10;62;1;842620111
11;62;1;911497407
12;62;1;997007926
13;62;1;1061631222
14;62;1;1125685185
15;62;1;1168696296
16;62;1;1228170370
1;63;1;5125365192
2;63;1;6410823633
3;63;1;7745394293
4;63;1;10172882371
5;63;1;12795076469
6;63;1;10766836277
7;63;1;12243505583
8;63;1;15107441447
9;63;1;16488403076
10;63;1;17189551521
11;63;1;17627003455
12;63;1;14953950557
13;63;1;15141758567
14;63;1;16242916916
15;63;1;17599700091
16;63;1;17743195770
1;64;1;8881368538
2;64;1;10731634117
3;64;1;20409668522
4;64;1;24758819718
5;64;1;28526891010
6;64;1;25977847814
7;64;1;32197272797
8;64;1;39337314810
9;64;1;41270954737
10;64;1;62405374786
11;64;1;53660342160
12;64;1;48564863888
13;64;1;55009730600
14;64;1;58998132330
15;64;1;65556464048
16;64;1;66983634224
1;65;1;961900107
2;65;1;1027702254
3;65;1;1054113427
4;65;1;1279704745
5;65;1;1561763437
6;65;1;1450140386
7;65;1;1543292393
8;65;1;1409694554
9;65;1;1415006238
10;65;1;1375608956
11;65;1;1229460602
12;65;1;1354788659
13;65;1;1470006034
14;65;1;1498044491
15;65;1;1624600882
16;65;1;1763819048
1;66;1;3666349049
2;66;1;2937071767
3;66;1;4220019243
4;66;1;6281917656
5;66;1;6964179194
6;66;1;6716904569
7;66;1;6853467858
8;66;1;6785137173
9;66;1;7638045254
10;66;1;8376613843
11;66;1;8778473615
12;66;1;8794202444
13;66;1;8603884845
14;66;1;10336634799
15;66;1;12207116729
16;66;1;13590281809
1;67;1;4410764339
2;67;1;8217369093
3;67;1;10086528699
4;67;1;13071718759
5;67;1;19749893536
6;67;1;15027795173
7;67;1;16314442183
8;67;1;21357344847
9;67;1;22388345810
10;67;1;21948835350
11;67;1;21765454404
12;67;1;13185496836
13;67;1;11240809132
14;67;1;12200914930
15;67;1;13278488567
16;67;1;11026774945
1;68;1;240521260988
2;68;1;247783001865
3;68;1;273317737047
4;68;1;318497936901
5;68;1;354460802549
6;68;1;330000252153
7;68;1;299361576558
8;68;1;287797822093
9;68;1;245670666639
10;68;1;239862011450
11;68;1;237029579261
12;68;1;196591353761
13;68;1;195222443513
14;68;1;203588424288
15;68;1;218138367445
16;68;1;209852761469
1;69;1;23965275794
2;69;1;27211377107
3;69;1;30231249625
4;69;1;34113107372
5;69;1;39136436614
6;69;1;37733609795
7;69;1;41338008613
8;69;1;47654783852
9;69;1;50388460925
10;69;1;52996540576
11;69;1;57852399834
12;69;1;62186186576
13;69;1;66053725049
14;69;1;71612352781
15;69;1;73118147808
16;69;1;76710385880
1;70;1;531109356
2;70;1;586795675
3;70;1;591839471
4;70;1;695990208
5;70;1;864654795
6;70;1;826798660
7;70;1;849050128
8;70;1;1098379392
9;70;1;989327812
10;70;1;1045790133
11;70;1;1053512334
12;70;1;1047808175
13;70;1;1178204501
14;70;1;1346841897
15;70;1;1458156026
16;70;1;1340389411
1;71;1;787814379
2;71;1;824880550
3;71;1;1458453715
4;71;1;1740180444
5;71;1;1916994912
6;71;1;2061323854
7;71;1;2273225042
8;71;1;2576024116
9;71;1;2861562266
10;71;1;2987684170
11;71;1;3077643314
12;71;1;3197220339
13;71;1;3504024213
14;71;1;3555205811
15;71;1;3878662621
16;71;1;4280443645
1;72;1;8772146605
2;72;1;9672035709
3;72;1;10841742348
4;72;1;12275501784
5;72;1;13789715133
6;72;1;14587496229
7;72;1;15839344592
8;72;1;17710315006
9;72;1;18528601901
10;72;1;18499710128
11;72;1;19756494435
12;72;1;20979767785
13;72;1;21717622071
14;72;1;23136232230
15;72;1;24024189736
16;72;1;25095395475
1;73;1;41594385430
2;73;1;45386774692
3;73;1;50454950478
4;73;1;60182902955
5;73;1;70288870870
6;73;1;62666199344
7;73;1;59807930156
8;73;1;62354273096
9;73;1;56494367810
10;73;1;58056933513
11;73;1;57642914304
12;73;1;49530641704
13;73;1;51596973259
14;73;1;55319605061
15;73;1;60991399904
16;73;1;60415553039
1;74;1;3537720277
2;74;1;4310358096
3;74;1;4756204070
4;74;1;5885325590
5;74;1;6548530572
6;74;1;6584649419
7;74;1;6622541529
8;74;1;7516834160
9;74;1;7890647022
10;74;1;8485077205
11;74;1;8775444942
12;74;1;8724656126
13;74;1;7970649131
14;74;1;8409497402
15;74;1;9658721170
16;74;1;8498981821
1;75;1;103960017914
2;75;1;112980947728
3;75;1;115577256524
4;75;1;139966001510
5;75;1;158136326478
6;75;1;130760312877
7;75;1;131135561228
8;75;1;141109576981
9;75;1;128153691809
10;75;1;135409048034
11;75;1;140558786480
12;75;1;124529741437
13;75;1;127507473626
14;75;1;141510583020
15;75;1;157882912778
16;75;1;160967157504
1;76;1;256836875295
2;76;1;285868618224
3;76;1;364570514305
4;76;1;432216737775
5;76;1;510228634992
6;76;1;539580085612
7;76;1;755094160363
8;76;1;892969107923
9;76;1;917869910106
10;76;1;912524136718
11;76;1;890814755233
12;76;1;860854235065
13;76;1;931877364178
14;76;1;1015618742566
15;76;1;1042240309413
16;76;1;1119190780753
1;77;1;193870692699
2;77;1;211649034697
3;77;1;232083467570
4;77;1;269917943471
5;77;1;275038896001
6;77;1;236316405946
7;77;1;222148757313
8;77;1;237472361873
9;77;1;224999484105
10;77;1;238543538777
11;77;1;258471885130
12;77;1;291499812104
13;77;1;300523297713
14;77;1;335663113960
15;77;1;382674360766
16;77;1;388698711348
1;78;1;135477431995
2;78;1;142528909909
3;78;1;154034316643
4;78;1;178959188652
5;78;1;216105164967
6;78;1;207468170892
7;78;1;233995676195
8;78;1;261468634231
9;78;1;257180147032
10;78;1;292636164001
11;78;1;309558454719
12;78;1;299813121213
13;78;1;318950599018
14;78;1;353253406955
15;78;1;370587977154
16;78;1;395098666122
1;79;1;709148514805
2;79;1;820381595513
3;79;1;940259888792
4;79;1;1216735441525
5;79;1;1198895582138
6;79;1;1341886602799
7;79;1;1675615335601
8;79;1;1823050405350
9;79;1;1827637859136
10;79;1;1856722121395
11;79;1;2039127446299
12;79;1;2103587817042
13;79;1;2294797978292
14;79;1;2652754685835
15;79;1;2713165057513
16;79;1;2875142314812
1;80;1;36627901762
2;80;1;49954890353
3;80;1;65140293688
4;80;1;88840050497
5;80;1;131613661510
6;80;1;111660855043
7;80;1;138516722650
8;80;1;185749664444
9;80;1;218000986223
10;80;1;234637674957
11;80;1;234648370497
12;80;1;177498577313
13;80;1;174878976034
14;80;1;195473049875
15;80;1;224228010478
16;80;1;234094042939
1;81;1;190043433965
2;81;1;226452138292
3;81;1;266298911661
4;81;1;349881601459
5;81;1;412336172447
6;81;1;416397025729
7;81;1;486807615326
8;81;1;580764902917
9;81;1;598868460913
10;81;1;460293149324
11;81;1;432687036178
12;81;1;384951479697
13;81;1;417983578231
14;81;1;445345282123
15;81;1;0
16;81;1;0
1;82;1;13834750404
2;82;1;16812530837
3;82;1;17216420298
4;82;1;21514962933
5;82;1;17905251718
6;82;1;13164652467
7;82;1;13683689690
8;82;1;15158548261
9;82;1;14724078152
10;82;1;16033517406
11;82;1;17758050019
12;82;1;17389101641
13;82;1;20618363256
14;82;1;24488176540
15;82;1;25737594325
16;82;1;24188035739
1;83;1;1803226967966
2;83;1;1857524312896
3;83;1;1947919708945
4;83;1;2210292636189
5;83;1;2398856598799
6;83;1;2191241872742
7;83;1;2134017843247
8;83;1;2291991045770
9;83;1;2087077032435
10;83;1;2141315327318
11;83;1;2159133919744
12;83;1;1835899237320
13;83;1;1875797463584
14;83;1;1961796197354
15;83;1;2085764300862
16;83;1;2001244392042
1;84;1;10150978155
2;84;1;11204416000
3;84;1;11901911988
4;84;1;12827809965
5;84;1;13680482787
6;84;1;12067478478
7;84;1;13220556883
8;84;1;14444655300
9;84;1;14807086889
10;84;1;14262589158
11;84;1;13897804560
12;84;1;14187696311
13;84;1;14075894320
14;84;1;14806340821
15;84;1;15713908816
16;84;1;16458071068
1;85;1;11571424542
2;85;1;12765218618
3;85;1;15268053597
4;85;1;17350521862
5;85;1;22279907003
6;85;1;24154000000
7;85;1;26795901408
8;85;1;29244647887
9;85;1;31371056338
10;85;1;34064873239
11;85;1;36329267606
12;85;1;38043450704
13;85;1;39196676056
14;85;1;40708943662
15;85;1;42231295775
16;85;1;43743661972
1;86;1;4815148854362
2;86;1;4755410630912
3;86;1;4530377224970
4;86;1;4515264514431
5;86;1;5037908465114
6;86;1;5231382674594
7;86;1;5700098114744
8;86;1;6157459594824
9;86;1;6203213121334
10;86;1;5155717056271
11;86;1;4850413536038
12;86;1;4389475622589
13;86;1;4922538141455
14;86;1;4866864409658
15;86;1;4954806619995
16;86;1;5081769542380
1;87;1;16095337094
2;87;1;18737897745
3;87;1;25825524821
4;87;1;31958195182
5;87;1;35895153328
6;87;1;37021512049
7;87;1;40000088347
8;87;1;41953433591
9;87;1;50412754861
10;87;1;55096728048
11;87;1;61448046802
12;87;1;64007750169
13;87;1;69188755364
14;87;1;78965004656
15;87;1;87778582964
16;87;1;95503088538
1;88;1;2211534585
2;88;1;2460248026
3;88;1;2834168889
4;88;1;3802566171
5;88;1;5139957785
6;88;1;4690062255
7;88;1;4794357795
8;88;1;6197766119
9;88;1;6605139933
10;88;1;7335027592
11;88;1;7468096567
12;88;1;6678178340
13;88;1;6813092066
14;88;1;7702934800
15;88;1;8271108638
16;88;1;8454619608
1;89;1;5337833248
2;89;1;6293046162
3;89;1;7274595707
4;89;1;8639235842
5;89;1;10351914093
6;89;1;10401851851
7;89;1;11242275199
8;89;1;12829541141
9;89;1;14054443213
10;89;1;15227991395
11;89;1;16702610842
12;89;1;18049954289
13;89;1;20016747754
14;89;1;22177200512
15;89;1;24571753583
16;89;1;27089389787
1;90;1;632570092
2;90;1;653584809
3;90;1;697810988
4;90;1;794621676
5;90;1;911967429
6;90;1;901711442
7;90;1;907978724
8;90;1;1023086184
9;90;1;1015843369
10;90;1;1116224161
11;90;1;1149587652
12;90;1;966029542
13;90;1;1012835518
14;90;1;1077439663
15;90;1;1178530758
16;90;1;1185728677
1;91;1;529250444
2;91;1;577730926
3;91;1;644414815
4;91;1;689285185
5;91;1;751229630
6;91;1;747859259
7;91;1;760177778
8;91;1;817762963
9;91;1;800422222
10;91;1;839770370
11;91;1;916574074
12;91;1;923155556
13;91;1;971162963
14;91;1;996937037
15;91;1;1010814815
16;91;1;1050992593
1;92;1;0
2;92;1;0
3;92;1;0
4;92;1;0
5;92;1;0
6;92;1;0
7;92;1;0
8;92;1;0
9;92;1;0
10;92;1;0
11;92;1;0
12;92;1;0
13;92;1;0
14;92;1;0
15;92;1;0
16;92;1;0
1;93;1;793175007858
2;93;1;934901071333
3;93;1;1053216909888
4;93;1;1172614086540
5;93;1;1047339010225
6;93;1;943941876219
7;93;1;1144066965324
8;93;1;1253223044719
9;93;1;1278427634343
10;93;1;1370795199976
11;93;1;1484318219634
12;93;1;1465773245547
13;93;1;1500111596236
14;93;1;1623901496836
15;93;1;1720578827806
16;93;1;1642383217167
1;94;1;59439090601
2;94;1;80798630137
3;94;1;101548931771
4;94;1;114639690359
5;94;1;147395089286
6;94;1;105963168867
7;94;1;115419399860
8;94;1;154068115942
9;94;1;174070382279
10;94;1;174161142454
11;94;1;162631412509
12;94;1;114567298106
13;94;1;109419728567
14;94;1;120707220574
15;94;1;140645364238
16;94;1;134761198946
1;95;1;43151647003
2;95;1;57123671734
3;95;1;81003884545
4;95;1;104849886826
5;95;1;133441612247
6;95;1;115308661143
7;95;1;148047348241
8;95;1;192626507972
9;95;1;207998568866
10;95;1;236634552078
11;95;1;221415572820
12;95;1;184388432149
13;95;1;137278320084
14;95;1;166805800596
15;95;1;179339994859
16;95;1;180161741180
1;96;1;2366398120
2;96;1;2735558726
3;96;1;3452882514
4;96;1;4222962988
5;96;1;5443915121
6;96;1;5832915387
7;96;1;7127792630
8;96;1;8749241114
9;96;1;10191350120
10;96;1;11942230508
11;96;1;13268458232
12;96;1;14390442307
13;96;1;15805692546
14;96;1;16853087485
15;96;1;17953786416
16;96;1;18173839128
1;97;1;21159827992
2;97;1;21497336499
3;97;1;22022709852
4;97;1;24827355015
5;97;1;29118916106
6;97;1;35399582929
7;97;1;38443907042
8;97;1;39927125961
9;97;1;44035991746
10;97;1;46909335135
11;97;1;48134486625
12;97;1;49939374833
13;97;1;51205122504
14;97;1;53140638269
15;97;1;54961275742
16;97;1;53367042272
1;98;1;1066666667
2;98;1;1135555556
3;98;1;1268319185
4;98;1;1336088815
5;98;1;1437731111
6;98;1;1401507889
7;98;1;1486758037
8;98;1;1576988407
9;98;1;1605146778
10;98;1;1664816741
11;98;1;1755130815
12;98;1;1808079889
13;98;1;1865375222
14;98;1;1999090407
15;98;1;2065875074
16;98;1;2122450630
1;99;1;3454362686
2;99;1;3659251526
3;99;1;4000239273
4;99;1;4601299567
5;99;1;5081432924
6;99;1;4504549214
7;99;1;5082366478
8;99;1;5739977477
9;99;1;5456009385
10;99;1;6391735894
11;99;1;6657170923
12;99;1;6268391521
13;99;1;6237264055
14;99;1;6552858739
15;99;1;0
16;99;1;0
1;100;1;20662525941
2;100;1;24405791045
3;100;1;28279814925
4;100;1;32350248411
5;100;1;40713812310
6;100;1;42066217872
7;100;1;56725749222
8;100;1;65292753005
9;100;1;68434409315
10;100;1;74317806538
11;100;1;79356449841
12;100;1;80604080689
13;100;1;82401038710
14;100;1;87428125558
15;100;1;88425889592
16;100;1;84008783756
1;101;1;897000000
2;101;1;949000000
3;101;1;1119000000
4;101;1;1373000000
5;101;1;1726000000
6;101;1;1768000000
7;101;1;1998000000
8;101;1;2398000000
9;101;1;2721000000
10;101;1;3067000000
11;101;1;3144000000
12;101;1;3177000000
13;101;1;3277826000
14;101;1;3285455000
15;101;1;3264000000
16;101;1;3070518100
1;102;1;1511236656
2;102;1;1682350935
3;102;1;1800105590
4;102;1;1716262753
5;102;1;1758534995
6;102;1;1773199523
7;102;1;2269525782
8;102;1;2622336141
9;102;1;2526185310
10;102;1;2421470022
11;102;1;2499803980
12;102;1;2372280099
13;102;1;2165408362
14;102;1;2405289382
15;102;1;2575892261
16;102;1;2460072444
1;103;1;22649930576
2;103;1;26125575942
3;103;1;30216060233
4;103;1;39738180077
5;103;1;47850551149
6;103;1;37440673478
7;103;1;37034461707
8;103;1;43466133144
9;103;1;42842537129
10;103;1;46442055804
11;103;1;48526000845
12;103;1;41392396558
13;103;1;43021972485
14;103;1;47750908128
15;103;1;53455170034
16;103;1;54219315600
1;104;1;34685281848
2;104;1;37347394603
3;104;1;42414308117
4;104;1;50888134410
5;104;1;55849686539
6;104;1;51370543206
7;104;1;53212476812
8;104;1;60004630234
9;104;1;56677961787
10;104;1;61739352212
11;104;1;66103853237
12;104;1;57744457955
13;104;1;60691483443
14;104;1;64181944723
15;104;1;70919958016
16;104;1;71104919108
1;105;1;14355307662
2;105;1;16909366521
3;105;1;21436812139
4;105;1;30897981124
5;105;1;35657998831
6;105;1;26250900751
7;105;1;23803906231
8;105;1;28490700601
9;105;1;28176625841
10;105;1;30272574650
11;105;1;31382780146
12;105;1;27090019663
13;105;1;27734140217
14;105;1;30273007510
15;105;1;34313873285
16;105;1;34117202555
1;106;1;33122307692
2;106;1;47334148578
3;106;1;54961936663
4;106;1;67516236338
5;106;1;87140405361
6;106;1;63028320702
7;106;1;74773444901
8;106;1;34699395524
9;106;1;81873662519
10;106;1;65502870174
11;106;1;41142722414
12;106;1;27842131480
13;106;1;26197143268
14;106;1;37883243650
15;106;1;52607888718
16;106;1;52076250948
1;107;1;59626020162
2;107;1;62343022651
3;107;1;68640825481
4;107;1;79041294874
5;107;1;92507257784
6;107;1;92897320376
7;107;1;93216746662
8;107;1;101370474295
9;107;1;98266306615
10;107;1;106825649872
11;107;1;110081248587
12;107;1;101179808076
13;107;1;103311649248
14;107;1;109714300454
15;107;1;117921394402
16;107;1;118725279596
1;108;1;4137913500
2;108;1;4203084194
3;108;1;4582988333
4;108;1;5867916781
5;108;1;6476490406
6;108;1;5451653237
7;108;1;5367625613
8;108;1;6088808463
9;108;1;5743029680
10;108;1;6555983530
11;108;1;7069616049
12;108;1;6261622101
13;108;1;6472990923
14;108;1;6431314957
15;108;1;7188238073
16;108;1;0
1;109;1;2598249556
2;109;1;2988348836
3;109;1;3408244549
4;109;1;4401189466
5;109;1;6054849885
6;109;1;5439422031
7;109;1;6974960345
8;109;1;8414360656
9;109;1;8709165249
10;109;1;9496684701
11;109;1;9510219299
12;109;1;7745231660
13;109;1;8071480541
14;109;1;9669759987
15;109;1;11457410264
16;109;1;11955435457
1;110;1;2073234418
2;110;1;2257174481
3;110;1;2721903149
4;110;1;3680711744
5;110;1;4545674528
6;110;1;4159330370
7;110;1;4139192053
8;110;1;4538199889
9;110;1;4087725813
10;110;1;4466039315
11;110;1;4594024180
12;110;1;4054712083
13;110;1;4377033429
14;110;1;4856632399
15;110;1;5506766651
16;110;1;5494736901
1;111;1;5064732716
2;111;1;5859269849
3;111;1;6395712392
4;111;1;8524620739
5;111;1;10725137478
6;111;1;9616879921
7;111;1;9982711030
8;111;1;11551821062
9;111;1;11578978053
10;111;1;12423557907
11;111;1;12522959157
12;111;1;11323023787
13;111;1;11848615018
14;111;1;13176313233
15;111;1;13853433948
16;111;1;14083906357
1;112;1;133806400
2;112;1;141922500
3;112;1;145474100
4;112;1;153884600
5;112;1;153135800
6;112;1;151772600
7;112;1;162164700
8;112;1;174332100
9;112;1;182874800
10;112;1;187707400
11;112;1;184689500
12;112;1;184599600
13;112;1;200558400
14;112;1;212881000
15;112;1;221278000
16;112;1;0
1;113;1;5682719260
2;113;1;6258600714
3;113;1;6861222332
4;113;1;8336478142
5;113;1;9909548411
6;113;1;9401731496
7;113;1;9407168702
8;113;1;10494632699
9;113;1;9745251126
10;113;1;10817712139
11;113;1;11362272838
12;113;1;10064515432
13;113;1;10672471861
14;113;1;11307058382
15;113;1;12628854801
16;113;1;12694823394
1;114;1;5444474268
2;114;1;6247496491
3;114;1;6905876385
4;114;1;8145694632
5;114;1;9798741074
6;114;1;10190945007
7;114;1;10689167195
8;114;1;12995074801
9;114;1;12441946098
10;114;1;13242680701
11;114;1;14365345530
12;114;1;13104869674
13;114;1;14020002871
14;114;1;15375605992
15;114;1;17172022684
16;114;1;17510141171
1;115;1;10567354056
2;115;1;11986972419
3;115;1;14502553710
4;115;1;20182477481
5;115;1;31862554102
6;115;1;36906181381
7;115;1;49540813342
8;115;1;59977326086
9;115;1;59937797559
10;115;1;60269734045
11;115;1;65446199788
12;115;1;67822772707
13;115;1;67184236747
14;115;1;68945867478
15;115;1;76168043982
16;115;1;76085852617
1;116;1;1992066808
2;116;1;2523471532
3;116;1;3414055566
4;116;1;4234999823
5;116;1;5623216449
6;116;1;4583850368
7;116;1;7189481824
8;116;1;10409797649
9;116;1;12292770631
10;116;1;12582122604
11;116;1;12226514722
12;116;1;11749620620
13;116;1;11186734674
14;116;1;11425755280
15;116;1;13108769496
16;116;1;13852850259
1;117;1;2362501023
2;117;1;2936019526
3;117;1;4008583968
4;117;1;4328063511
5;117;1;5138471610
6;117;1;4725200358
7;117;1;5628882266
8;117;1;6764635687
9;117;1;6728208836
10;117;1;7223063170
11;117;1;6592537782
12;117;1;6166857629
13;117;1;6398744505
14;117;1;6758390729
15;117;1;7049169771
16;117;1;7593752450
1;118;1;6044382216
2;118;1;6403839314
3;118;1;6757119558
4;118;1;7880509171
5;118;1;8977149553
6;118;1;8528202278
7;118;1;8749171417
8;118;1;9515297915
9;118;1;9205506528
10;118;1;10153894646
11;118;1;11302344157
12;118;1;10682394998
13;118;1;11444483134
14;118;1;12747857570
15;118;1;14603581712
16;118;1;14786156563
1;119;1;6578844486
2;119;1;6488750453
3;119;1;7028803366
4;119;1;8150138757
5;119;1;9990370016
6;119;1;9128843109
7;119;1;10003670690
8;119;1;11518393367
9;119;1;11668685524
10;119;1;12129642296
11;119;1;12803445934
12;119;1;11692287066
13;119;1;12232463656
14;119;1;13259351418
15;119;1;14181803715
16;119;1;14180444557
1;120;1;1226829563
2;120;1;1163362438
3;120;1;1575200391
4;120;1;1868383461
5;120;1;2271646188
6;120;1;2345294875
7;120;1;2588176055
8;120;1;2774351760
9;120;1;2886170572
10;120;1;3295011382
11;120;1;3697351597
12;120;1;4109424800
13;120;1;4379136462
14;120;1;4735989972
15;120;1;5327457150
16;120;1;5729248472
1;121;1;3476094499
2;121;1;3655909664
3;121;1;3998020177
4;121;1;4432937046
5;121;1;5321012192
6;121;1;6191127665
7;121;1;6959655571
8;121;1;8004000737
9;121;1;6028487929
10;121;1;5518880769
11;121;1;6047813437
12;121;1;6373212641
13;121;1;5433040160
14;121;1;6303292264
15;121;1;6917301909
16;121;1;7666704427
1;122;1;782240601985
2;122;1;877476221382
3;122;1;975387131716
4;122;1;1052696282279
5;122;1;1109989063587
6;122;1;900045350649
7;122;1;1057801295584
8;122;1;1180489601958
9;122;1;1201089987015
10;122;1;1274443084717
11;122;1;1314563967425
12;122;1;1170564619928
13;122;1;1077903618176
14;122;1;1157736189998
15;122;1;1220699479846
16;122;1;1258286717125
1;123;1;124749473684
2;123;1;143534102611
3;123;1;162691238209
4;123;1;193547824063
5;123;1;230813897716
6;123;1;202257625195
7;123;1;255016609233
8;123;1;297951960784
9;123;1;314443149443
10;123;1;323277158907
11;123;1;338061963396
12;123;1;301354756113
13;123;1;301255454041
14;123;1;318958236443
15;123;1;358581943446
16;123;1;364701517788
1;124;1;7589038160
2;124;1;8512116725
3;124;1;9149485071
4;124;1;10423424155
5;124;1;12574681498
6;124;1;11899763735
7;124;1;11087646868
8;124;1;14381552433
9;124;1;16350804543
10;124;1;16974320551
11;124;1;17716084108
12;124;1;15950969019
13;124;1;11936999283
14;124;1;13219084261
15;124;1;14717223207
16;124;1;14934159926
1;125;1;6480441754
2;125;1;7121391946
3;125;1;7835043624
4;125;1;8740865600
5;125;1;8486721917
6;125;1;8876191121
7;125;1;11268186636
8;125;1;12343501808
9;125;1;13042007432
10;125;1;12011207762
11;125;1;12356482878
12;125;1;11272143550
13;125;1;10665634661
14;125;1;12741746434
15;125;1;13454211124
16;125;1;12366527719
1;126;1;3742134213
2;126;1;4374677877
3;126;1;4743059572
4;126;1;5694717111
5;126;1;7220003603
6;126;1;7278718280
7;126;1;7792421016
8;126;1;8701085756
9;126;1;9366515965
10;126;1;10156855204
11;126;1;10815312544
12;126;1;9667589437
13;126;1;10284627190
14;126;1;11166063887
15;126;1;12826750567
16;126;1;12928145120
1;127;1;136385979322
2;127;1;176134087150
3;127;1;236103982432
4;127;1;275625684969
5;127;1;337035512677
6;127;1;291880204327
7;127;1;363359886203
8;127;1;410334579161
9;127;1;459376049764
10;127;1;514966287334
11;127;1;568498937616
12;127;1;494583180777
13;127;1;404649527538
14;127;1;375745486521
15;127;1;398160403207
16;127;1;448120428859
1;128;1;5795568205
2;128;1;6321335612
3;128;1;6763418646
4;128;1;7423367753
5;128;1;8496946608
6;128;1;8298679909
7;128;1;8758639096
8;128;1;9774262742
9;128;1;10531964139
10;128;1;10982979274
11;128;1;11880472593
12;128;1;12756706583
13;128;1;13286048705
14;128;1;13785943183
15;128;1;13063873078
16;128;1;12520915291
1;129;1;657171591756
2;129;1;685092650168
3;129;1;733340860620
4;129;1;847481522037
5;129;1;947997656364
6;129;1;868077243679
7;129;1;846554894931
8;129;1;904085980796
9;129;1;838971306991
10;129;1;876923518850
11;129;1;890981311078
12;129;1;765264949781
13;129;1;783528181705
14;129;1;833869641687
15;129;1;914104847814
16;129;1;909070395161
1;130;1;264511630667
2;130;1;308884284051
3;130;1;345581369966
4;130;1;400937100159
5;130;1;462250000000
6;130;1;386190385319
7;130;1;428757038467
8;130;1;498283438454
9;130;1;509506317147
10;130;1;522761531915
11;130;1;498410050251
12;130;1;385801550067
13;130;1;368819929542
14;130;1;398393955269
15;130;1;434166615432
16;130;1;403336363636
1;131;1;7273938315
2;131;1;8130258041
3;131;1;9043715356
4;131;1;10325618017
5;131;1;12545438605
6;131;1;12854985464
7;131;1;16002656434
8;131;1;18913574371
9;131;1;18851513891
10;131;1;19271168018
11;131;1;20002968838
12;131;1;21410840909
13;131;1;21185922408
14;131;1;25180583770
15;131;1;29173513476
16;131;1;30641380604
1;132;1;0
2;132;1;0
3;132;1;0
4;132;1;0
5;132;1;0
6;132;1;0
7;132;1;47564520
8;132;1;66055408
9;132;1;96927201
10;132;1;98491844
11;132;1;104654365
12;132;1;86779266
13;132;1;100087349
14;132;1;109585942
15;132;1;124021394
16;132;1;118223430
1;133;1;103905210084
2;133;1;114720129550
3;133;1;111608845081
4;133;1;137320496803
5;133;1;133290222816
6;133;1;121357986133
7;133;1;146619138359
8;133;1;168510189201
9;133;1;176247979236
10;133;1;190845889950
11;133;1;200921936786
12;133;1;177467529071
13;133;1;188223664747
14;133;1;205415864858
15;133;1;207920613962
16;133;1;206928765544
1;134;1;24763589077
2;134;1;31081924577
3;134;1;37215864759
4;134;1;42085305592
5;134;1;60905331599
6;134;1;48388296489
7;134;1;57048114434
8;134;1;68016905072
9;134;1;76615864759
10;134;1;78784395319
11;134;1;81076462939
12;134;1;68400260078
13;134;1;65481144343
14;134;1;70600000000
15;134;1;79275422627
16;134;1;76983094928
1;135;1;15013381700
2;135;1;16374393900
3;135;1;18141666300
4;135;1;21295984200
5;135;1;25155888600
6;135;1;27116635600
7;135;1;29440300000
8;135;1;34686200000
9;135;1;40429700000
10;135;1;45600000000
11;135;1;49921500000
12;135;1;54091700000
13;135;1;57907700000
14;135;1;62219000000
15;135;1;65128200000
16;135;1;66800800000
1;136;1;66768703498
2;136;1;76060606061
3;136;1;88643193062
4;136;1;102170981144
5;136;1;120550599815
6;136;1;120822986521
7;136;1;147528937029
8;136;1;171761737047
9;136;1;192648999090
10;136;1;201175469114
11;136;1;200789362452
12;136;1;189805300842
13;136;1;191895943824
14;136;1;211007207484
15;136;1;222044970486
16;136;1;226848050820
1;137;1;3927157867
2;137;1;4865892972
3;137;1;8355006707
4;137;1;9545177014
5;137;1;11670840932
6;137;1;11619637799
7;137;1;14250755231
8;137;1;17984910502
9;137;1;21295659244
10;137;1;21261432791
11;137;1;23210682538
12;137;1;21723531173
13;137;1;20759069103
14;137;1;22742613554
15;137;1;23412495063
16;137;1;24969611435
1;138;1;95001994600
2;138;1;107419986400
3;138;1;127652908955
4;138;1;155980408072
5;138;1;181006859907
6;138;1;176131654910
7;138;1;208368892319
8;138;1;234216730703
9;138;1;261920542606
10;138;1;283902829720
11;138;1;297483553299
12;138;1;306445871631
13;138;1;318627003965
14;138;1;328480738148
15;138;1;346841896890
16;138;1;376795508680
1;139;1;107759683863
2;139;1;120055291993
3;139;1;137264061106
4;139;1;152385716312
5;139;1;170077814106
6;139;1;168152775283
7;139;1;177165635077
8;139;1;213587413184
9;139;1;224383620830
10;139;1;231218567179
11;139;1;244360888751
12;139;1;270556131701
13;139;1;278654637738
14;139;1;304567253219
15;139;1;314567541558
16;139;1;278221906023
1;140;1;255102252843
2;140;1;306123628496
3;140;1;344745746326
4;140;1;429061382275
5;140;1;533813299020
6;140;1;439793916862
7;140;1;479321460551
8;140;1;528832185770
9;140;1;500360816828
10;140;1;524234322597
11;140;1;545389126644
12;140;1;477581376840
13;140;1;472037130973
14;140;1;526380811261
15;140;1;587114101393
16;140;1;592164400688
1;141;1;189034502111
2;141;1;197180330805
3;141;1;208581694894
4;141;1;240190803449
5;141;1;262344779552
6;141;1;243701635176
7;141;1;237880908318
8;141;1;244797226567
9;141;1;216236608774
10;141;1;226369502104
11;141;1;229596170847
12;141;1;199313894327
13;141;1;206286022782
14;141;1;221357874719
15;141;1;241274628877
16;141;1;237686075635
1;142;1;164886100
2;142;1;184468800
3;142;1;189028900
4;142;1;194630300
5;142;1;198024400
6;142;1;183369300
7;142;1;183498800
8;142;1;193143900
9;142;1;211103300
10;142;1;223388400
11;142;1;243147000
12;142;1;280376100
13;142;1;300125600
14;142;1;286321800
15;142;1;283994900
16;142;1;0
1;143;1;9624440836
2;143;1;10737500188
3;143;1;13429430050
4;143;1;17856270473
5;143;1;24578067861
6;143;1;22341754514
7;143;1;27215968616
8;143;1;33715524704
9;143;1;33283228891
10;143;1;38585317743
11;143;1;40276532541
12;143;1;36164068797
13;143;1;36054281572
14;143;1;39008900332
15;143;1;40384691791
16;143;1;38145288940
1;144;1;31734065934
2;144;1;44530494505
3;144;1;60882142857
4;144;1;79712087912
5;144;1;115270054945
6;144;1;97798351648
7;144;1;125122306346
8;144;1;167775274725
9;144;1;186833516484
10;144;1;198727747253
11;144;1;206224725275
12;144;1;161739835165
13;144;1;151732142857
14;144;1;166928571429
15;144;1;191362087912
16;144;1;183466208791
1;145;1;74972669057
2;145;1;98452791983
3;145;1;122022997508
4;145;1;174585202805
5;145;1;214313628965
6;145;1;174103695930
7;145;1;166225180150
8;145;1;183443154235
9;145;1;171196268958
10;145;1;190949066979
11;145;1;199626806402
12;145;1;177893451831
13;145;1;188494136776
14;145;1;211695422579
15;145;1;241626953521
16;145;1;250077444017
1;146;1;26141969874
2;146;1;27683225959
3;146;1;32482070360
4;146;1;43170990616
5;146;1;52194221469
6;146;1;45162894381
7;146;1;41819468692
8;146;1;49258136129
9;146;1;43309252921
10;146;1;48394238300
11;146;1;47062205547
12;146;1;39628549950
13;146;1;40630392019
14;146;1;44120425320
15;146;1;50597289147
16;146;1;51409167351
1;147;1;591016690743
2;147;1;764017107992
3;147;1;989930542279
4;147;1;1299705764824
5;147;1;1660846387625
6;147;1;1222644282202
7;147;1;1524917468442
8;147;1;2045925608274
9;147;1;2208295773643
10;147;1;2292473246621
11;147;1;2059241965491
12;147;1;1363481063447
13;147;1;1276786979222
14;147;1;1574199387071
15;147;1;1669583089323
16;147;1;1699876578871
1;148;1;2088961969
2;148;1;2581313486
3;148;1;3330198838
4;148;1;4083515097
5;148;1;5198063011
6;148;1;5694132466
7;148;1;6147525367
8;148;1;6912074082
9;148;1;7687521844
10;148;1;7851127992
11;148;1;8279481015
12;148;1;8582588883
13;148;1;8734161828
14;148;1;9253098954
15;148;1;9627720630
16;148;1;10122472590
1;149;1;258742133333
2;149;1;328459608764
3;149;1;376900133511
4;149;1;415964509673
5;149;1;519796800000
6;149;1;429097866667
7;149;1;528207200000
8;149;1;671238840107
9;149;1;735974843360
10;149;1;746647127413
11;149;1;756350347333
12;149;1;654269902880
13;149;1;644935541440
14;149;1;688586133333
15;149;1;786521831573
16;149;1;792966838162
1;150;1;375111895
2;150;1;413909879
3;150;1;456705434
4;150;1;516074229
5;150;1;608229327
6;150;1;597765363
7;150;1;681151194
8;150;1;932725583
9;150;1;1063879446
10;150;1;1129787198
11;150;1;1172268301
12;150;1;1154650069
13;150;1;1230459714
14;150;1;1309631133
15;150;1;1395608475
16;150;1;1425074226
1;151;1;839319927
2;151;1;919103255
3;151;1;1016418229
4;151;1;1033561654
5;151;1;967199594
6;151;1;847397850
7;151;1;969936525
8;151;1;1065826670
9;151;1;1060226126
10;151;1;1328157609
11;151;1;1343007841
12;151;1;1377495052
13;151;1;1426651766
14;151;1;1524486801
15;151;1;1586008997
16;151;1;1698843063
1;152;1;21457470203
2;152;1;26524538566
3;152;1;35822408612
4;152;1;45898948564
5;152;1;54526580232
6;152;1;49957202646
7;152;1;61739815527
8;152;1;57891984840
9;152;1;52766720139
10;152;1;57730424385
11;152;1;64941775065
12;152;1;74294471279
13;152;1;51772232495
14;152;1;45379127306
15;152;1;26078607539
16;152;1;18902284476
1;153;1;385118044877
2;153;1;392218088879
3;153;1;423093437424
4;153;1;491252589217
5;153;1;517706149201
6;153;1;436537014294
7;153;1;495812558843
8;153;1;574094112973
9;153;1;552483727283
10;153;1;586841821797
11;153;1;581964017237
12;153;1;505103781350
13;153;1;515654671470
14;153;1;541018749769
15;153;1;555455371487
16;153;1;530832908738
1;154;1;115035498758
2;154;1;127807618361
3;154;1;148630373214
4;154;1;180941941477
5;154;1;193611986713
6;154;1;194152286009
7;154;1;239809387605
8;154;1;279351168707
9;154;1;295087220933
10;154;1;307576360585
11;154;1;314851156183
12;154;1;308004146058
13;154;1;318652334419
14;154;1;341863349989
15;154;1;373217081851
16;154;1;372062527489
1;155;1;34414784504
2;155;1;36206396344
3;155;1;39481044913
4;155;1;48006373118
5;155;1;55552508715
6;155;1;50368056543
7;155;1;48161250935
8;155;1;51516367350
9;155;1;46580457470
10;155;1;48401896410
11;155;1;49930685013
12;155;1;43090173062
13;155;1;44651537260
14;155;1;48561672401
15;155;1;54034358544
16;155;1;53742159517
1;156;1;57332015148
2;156;1;62785305310
3;156;1;70708098106
4;156;1;86454081577
5;156;1;100469509301
6;156;1;89046289247
7;156;1;90183986822
8;156;1;98997521242
9;156;1;94416582465
10;156;1;98723944144
11;156;1;101171217101
12;156;1;88457167724
13;156;1;89640616271
14;156;1;95481955558
15;156;1;105820499977
16;156;1;105422304976
1;157;1;1448536631
2;157;1;1650494367
3;157;1;1885112202
4;157;1;2158496873
5;157;1;2505458705
6;157;1;2453899847
7;157;1;2578026297
8;157;1;2942546781
9;157;1;3801862611
10;157;1;4920343195
11;157;1;5015157816
12;157;1;4218723875
13;157;1;3674794530
14;157;1;3739577973
15;157;1;4085114794
16;157;1;3941474311
1;158;1;1723750000
2;158;1;1785847531
3;158;1;1908167106
4;158;1;2185874624
5;158;1;2393437820
6;158;1;2056126702
7;158;1;1881214371
8;158;1;1813752784
9;158;1;1604779648
10;158;1;1678841812
11;158;1;1673973695
12;158;1;1419061356
13;158;1;1468895284
14;158;1;1528468143
15;158;1;1637931034
16;158;1;0
1;159;1;10167441854
2;159;1;11022821632
3;159;1;11847848225
4;159;1;14285970085
5;159;1;16949789465
6;159;1;16248212852
7;159;1;16230887978
8;159;1;17902207622
9;159;1;17824398469
10;159;1;18965572150
11;159;1;19797254643
12;159;1;17774766636
13;159;1;19040312815
14;159;1;20996564752
15;159;1;23236007428
16;159;1;23578084052
1;160;1;0
2;160;1;0
3;160;1;0
4;160;1;0
5;160;1;0
6;160;1;0
7;160;1;0
8;160;1;0
9;160;1;0
10;160;1;0
11;160;1;0
12;160;1;0
13;160;1;0
14;160;1;0
15;160;1;0
16;160;1;0
1;161;1;1484092538
2;161;1;1793388732
3;161;1;2626380435
4;161;1;2936612022
5;161;1;3532969035
6;161;1;3875409836
7;161;1;4368398048
8;161;1;4422276622
9;161;1;4980000000
10;161;1;5145757576
11;161;1;5240606061
12;161;1;4787367928
13;161;1;3128953537
14;161;1;3210064506
15;161;1;3458090452
16;161;1;3985250737
1;162;1;0
2;162;1;0
3;162;1;0
4;162;1;0
5;162;1;14586253383
6;162;1;12231264525
7;162;1;14602072411
8;162;1;14907308933
9;162;1;11931472169
10;162;1;18426469017
11;162;1;13962212847
12;162;1;11997800760
13;162;1;0
14;162;1;0
15;162;1;0
16;162;1;0
1;163;1;114582562
2;163;1;136450275
3;163;1;142775597
4;163;1;149146423
5;163;1;188021191
6;163;1;187820465
7;163;1;197454067
8;163;1;233213983
9;163;1;252560781
10;163;1;302924710
11;163;1;348941716
12;163;1;318266475
13;163;1;347544772
14;163;1;375040835
15;163;1;422295934
16;163;1;429016605
1;164;1;13724810900
2;164;1;14698001400
3;164;1;15999886400
4;164;1;17011750900
5;164;1;17986890000
6;164;1;17601620000
7;164;1;18448000000
8;164;1;20284000000
9;164;1;21386000000
10;164;1;21990970000
11;164;1;22593480000
12;164;1;23438240000
13;164;1;24191440000
14;164;1;24979200000
15;164;1;26117400000
16;164;1;27022640000
1;165;1;25086930693
2;165;1;28858965517
3;165;1;33332844575
4;165;1;40405006007
5;165;1;0
6;165;1;0
7;165;1;0
8;165;1;0
9;165;1;0
10;165;1;0
11;165;1;0
12;165;1;0
13;165;1;0
14;165;1;0
15;165;1;0
16;165;1;0
1;166;1;2770082822
2;166;1;3178126555
3;166;1;3291353806
4;166;1;3469363925
5;166;1;3294093364
6;166;1;3580417161
7;166;1;4438778547
8;166;1;4820499497
9;166;1;4886658806
10;166;1;4597702903
11;166;1;4422304975
12;166;1;4073390990
13;166;1;3840677845
14;166;1;4446248676
15;166;1;4710618470
16;166;1;4405405802
1;167;1;4414929220
2;167;1;6646663561
3;167;1;7422102656
4;167;1;8638711443
5;167;1;10351932604
6;167;1;9253484108
7;167;1;10668102735
8;167;1;12172309523
9;167;1;12367363678
10;167;1;12953535496
11;167;1;13940768066
12;167;1;10950392220
13;167;1;10097778354
14;167;1;10000395242
15;167;1;11239167048
16;167;1;11314951343
1;168;1;2255942249
2;168;1;2280575830
3;168;1;2349495621
4;168;1;2659095101
5;168;1;3310277927
6;168;1;3365711796
7;168;1;3429461495
8;168;1;3872459250
9;168;1;3873308389
10;168;1;4321655656
11;168;1;4574986537
12;168;1;4180866177
13;168;1;4486979198
14;168;1;4819949975
15;168;1;5356344850
16;168;1;5459979417
1;169;1;172895749632
2;169;1;189318549680
3;169;1;221758196505
4;169;1;262942476722
5;169;1;291382991178
6;169;1;281710416557
7;169;1;341104820155
8;169;1;370819140947
9;169;1;397558222957
10;169;1;420333203150
11;169;1;407339361696
12;169;1;401295941041
13;169;1;413430123185
14;169;1;456294704153
15;169;1;506514103905
16;169;1;543649976166
1;170;1;2076182461
2;170;1;2312327536
3;170;1;2830220713
4;170;1;3719506173
5;170;1;5161337336
6;170;1;4979481980
7;170;1;5642178580
8;170;1;6522732203
9;170;1;7633049792
10;170;1;8448469838
11;170;1;9112544556
12;170;1;7854602392
13;170;1;6952678127
14;170;1;7157865188
15;170;1;7522947810
16;170;1;8116626794
1;171;1;440730847
2;171;1;462259749
3;171;1;453793943
4;171;1;542793414
5;171;1;648490994
6;171;1;726880268
7;171;1;881825544
8;171;1;1054725857
9;171;1;1147780083
10;171;1;1395525350
11;171;1;1447312264
12;171;1;1596658767
13;171;1;1656039024
14;171;1;1609669330
15;171;1;1568611562
16;171;1;1673540300
1;172;1;6838351088
2;172;1;8103901996
3;172;1;10276674365
4;172;1;12664165103
5;172;1;19271523179
6;172;1;20214385965
7;172;1;22583157895
8;172;1;29233333333
9;172;1;35164210526
10;172;1;39197543860
11;172;1;43524210526
12;172;1;35799714286
13;172;1;36180000000
14;172;1;37926285714
15;172;1;40761142857
16;172;1;0
1;173;1;31183139301
2;173;1;32273007554
3;173;1;34378437265
4;173;1;38908069299
5;173;1;44856586316
6;173;1;43454935940
7;173;1;44050929160
8;173;1;45810626509
9;173;1;45044112939
10;173;1;46251061734
11;173;1;47632326088
12;173;1;43173480832
13;173;1;41801210428
14;173;1;39802430355
15;173;1;39770297329
16;173;1;38797709924
1;174;1;229358215
2;174;1;262176134
3;174;1;294137737
4;174;1;300143057
5;174;1;349484428
6;174;1;318166563
7;174;1;369485199
8;174;1;423011844
9;174;1;472358251
10;174;1;450686354
11;174;1;443911052
12;174;1;435438217
13;174;1;401109307
14;174;1;430174169
15;174;1;450353314
16;174;1;0
1;175;1;404786739600
2;175;1;501416301503
3;175;1;552486912916
4;175;1;675770112211
5;175;1;764335657626
6;175;1;644639902000
7;175;1;771901768898
8;175;1;832523680896
9;175;1;873982246604
10;175;1;950579413121
11;175;1;934185915376
12;175;1;859796872684
13;175;1;863721648058
14;175;1;852676779694
15;175;1;771350331373
16;175;1;754411708203
1;176;1;13280275123
2;176;1;15982282462
3;176;1;18369361094
4;176;1;21641620050
5;176;1;27871587350
6;176;1;19172165226
7;176;1;22157948396
8;176;1;25433011405
9;176;1;25763220107
10;176;1;27268478565
11;176;1;27615843098
12;176;1;25062893969
13;176;1;22284780327
14;176;1;22474828527
15;176;1;23808146748
16;176;1;24100202834
1;177;1;21534932
2;177;1;21839099
3;177;1;22902861
4;177;1;27030374
5;177;1;30290220
6;177;1;27101076
7;177;1;31823519
8;177;1;38711810
9;177;1;37671775
10;177;1;37509075
11;177;1;37290608
12;177;1;35492074
13;177;1;36547800
14;177;1;40619252
15;177;1;42588165
16;177;1;47271463
1;178;1;16675948415
2;178;1;18399046025
3;178;1;18649590248
4;178;1;21843529025
5;178;1;27941177435
6;178;1;29081425282
7;178;1;32014249841
8;178;1;34657139495
9;178;1;39650530214
10;178;1;45680532614
11;178;1;49964788814
12;178;1;47378599025
13;178;1;49774021003
14;178;1;53320625959
15;178;1;58001200572
16;178;1;63177068175
1;179;1;64819702952
2;179;1;86057915585
3;179;1;107647920792
4;179;1;142579603960
5;179;1;179816790705
6;179;1;117113410001
7;179;1;136013155905
8;179;1;163159671670
9;179;1;175781379051
10;179;1;183310146378
11;179;1;133503411376
12;179;1;91030959455
13;179;1;93355993629
14;179;1;112190355158
15;179;1;130901858422
16;179;1;153781069118
1;180;1;7940362799
2;180;1;9013834373
3;180;1;9942597780
4;180;1;12292813603
5;180;1;14239026630
6;180;1;24924179656
7;180;1;26457287918
8;180;1;27646526402
9;180;1;27084639297
10;180;1;28681464765
11;180;1;32348119639
12;180;1;32124730771
13;180;1;28967460677
14;180;1;30756466548
15;180;1;32772824209
16;180;1;34387229486
1;181;1;12213729147000
2;181;1;13036640229000
3;181;1;13814611414000
4;181;1;14451858650000
5;181;1;14712844084000
6;181;1;14448933025000
7;181;1;14992052727000
8;181;1;15542581104000
9;181;1;16197007349000
10;181;1;16784849190000
11;181;1;17521746534000
12;181;1;18219297584000
13;181;1;18707188235000
14;181;1;19485393853000
15;181;1;20529049174602
16;181;1;21374418877707
1;182;1;13686329890
2;182;1;17362857684
3;182;1;19579457966
4;182;1;23410572634
5;182;1;30366213119
6;182;1;31660911277
7;182;1;40284481652
8;182;1;47962439304
9;182;1;51264390116
10;182;1;57531233351
11;182;1;57236013086
12;182;1;53274304222
13;182;1;52687612262
14;182;1;59530088536
15;182;1;59596885023
16;182;1;56045912952
1;183;1;12030023548
2;183;1;14307509839
3;183;1;17330833853
4;183;1;22311393928
5;183;1;29549438884
6;183;1;33689223673
7;183;1;46679875794
8;183;1;56516280748
9;183;1;63628854499
10;183;1;68997168338
11;183;1;76658542757
12;183;1;81847410182
13;183;1;81779012351
14;183;1;59159945321
15;183;1;50392607758
16;183;1;57921286440
1;184;1;521975111
2;184;1;550728667
3;184;1;610930037
4;184;1;684446259
5;184;1;695428852
6;184;1;674922481
7;184;1;681225926
8;184;1;676129630
9;184;1;692933333
10;184;1;721207407
11;184;1;727714815
12;184;1;755400000
13;184;1;774429630
14;184;1;792177778
15;184;1;811300000
16;184;1;825385185
1;185;1;112453382330
2;185;1;145510008135
3;185;1;183477522124
4;185;1;230364012576
5;185;1;315953388511
6;185;1;329787628928
7;185;1;393192354511
8;185;1;316482190800
9;185;1;381286237848
10;185;1;371005379787
11;185;1;482359318768
12;185;1;0
13;185;1;0
14;185;1;0
15;185;1;0
16;185;1;0
1;186;1;45427854693
2;186;1;57633255618
3;186;1;66371664817
4;186;1;77414425532
5;186;1;99130304099
6;186;1;106014659770
7;186;1;115931749697
8;186;1;135539438560
9;186;1;155820001920
10;186;1;171222025117
11;186;1;186204652922
12;186;1;193241108710
13;186;1;205276172135
14;186;1;223779865815
15;186;1;245213686369
16;186;1;261921244843
1;187;1;364996869
2;187;1;394962552
3;187;1;439376794
4;187;1;526428310
5;187;1;607958616
6;187;1;610066629
7;187;1;700804286
8;187;1;792149701
9;187;1;781702874
10;187;1;801787556
11;187;1;814954307
12;187;1;759689951
13;187;1;804332796
14;187;1;880043554
15;187;1;906050107
16;187;1;917058851
1;188;1;420320176
2;188;1;465568018
3;188;1;505832440
4;188;1;570469197
5;188;1;619260722
6;188;1;584706020
7;188;1;663161518
8;188;1;737401692
9;188;1;760549587
10;188;1;770021664
11;188;1;756919917
12;188;1;788307331
13;188;1;799376440
14;188;1;831903810
15;188;1;820491817
16;188;1;850655017
1;189;1;13872791659
2;189;1;16746344766
3;189;1;19061978586
4;189;1;21650532264
5;189;1;26910851362
6;189;1;25130274124
7;189;1;30906749533
8;189;1;32726417212
9;189;1;35401341663
10;189;1;40415235702
11;189;1;43206469767
12;189;1;36976204506
13;189;1;28084676409
14;189;1;24561327989
15;189;1;27591261663
16;189;1;0
1;190;1;228590027401
2;190;1;257772710833
3;190;1;271638484826
4;190;1;299415505152
5;190;1;286769839733
6;190;1;295936485833
7;190;1;375349442837
8;190;1;416418874936
9;190;1;396332702639
10;190;1;366829390479
11;190;1;350904575292
12;190;1;317620522795
13;190;1;296357282715
14;190;1;349554116684
15;190;1;368288939768
16;190;1;351431649241
1;191;1;6221077675
2;191;1;8331870169
3;191;1;12756858899
4;191;1;14056957976
5;191;1;17910858638
6;191;1;15328342304
7;191;1;20265559484
8;191;1;23459515276
9;191;1;25503060420
10;191;1;28045512871
11;191;1;27150646909
12;191;1;21243347377
13;191;1;20954761767
14;191;1;25868142077
15;191;1;27005238896
16;191;1;23064722446
1;192;1;5805598400
2;192;1;5755215200
3;192;1;5443896500
4;192;1;5291950100
5;192;1;4415702800
6;192;1;9665793300
7;192;1;12041655200
8;192;1;14101920300
9;192;1;17114849900
10;192;1;19091020000
11;192;1;19495519600
12;192;1;19963120600
13;192;1;20548678100
14;192;1;22040902300
15;192;1;24311560500
16;192;1;21440758800
